{"cameraMode":{"drawMode":0,"name":"Shaded","section":"Shading Mode"},"sceneLighting":true,"audioPlay":false,"sceneViewState":{"showFog":true,"showMaterialUpdate":false,"showSkybox":true,"showFlares":true,"showImageEffects":true,"showParticleSystems":true},"in2DMode":false,"pivot":{"x":0.23178860545158387,"y":11.126129150390625,"z":-1.6554594039916993},"rotation":{"x":0.6274082660675049,"y":0.011675329878926278,"z":-0.009409012272953987,"w":0.7785484194755554},"size":2.458306312561035,"orthographic":false}