{"cameraMode":{"drawMode":0,"name":"Shaded","section":"Shading Mode"},"sceneLighting":true,"audioPlay":false,"sceneViewState":{"showFog":true,"showMaterialUpdate":false,"showSkybox":true,"showFlares":true,"showImageEffects":true,"showParticleSystems":true},"in2DMode":false,"pivot":{"x":0.047994136810302737,"y":0.026906490325927736,"z":-0.06624364852905274},"rotation":{"x":-0.08567142486572266,"y":0.9015734791755676,"z":-0.2094905525445938,"w":-0.3686996102333069},"size":10.0,"orthographic":false}