{"cameraMode":{"drawMode":0,"name":"Shaded","section":"Shading Mode"},"sceneLighting":true,"audioPlay":false,"sceneViewState":{"showFog":true,"showMaterialUpdate":false,"showSkybox":true,"showFlares":true,"showImageEffects":true,"showParticleSystems":true},"in2DMode":false,"pivot":{"x":-5.414932727813721,"y":-3.1458866596221926,"z":-4.6903076171875},"rotation":{"x":-0.534765362739563,"y":-0.013436534442007542,"z":0.008505189791321755,"w":-0.8448517322540283},"size":23.017004013061525,"orthographic":false}